100012215147107,横水-1-1-6-O4CSD-02_乔家屯-1-1-6-O4CSD-01,100011500603302,横水,100011500675685,乔家屯
100012215145788,二龙山-1-1-5-OIB1D-01_南平村-1-1-5-OIB1D-01,100011500733289,二龙山,100011500745926,南平村
100012215141976,庞村-1-1-6-O4CSD-01_武家水-1-1-6-O4CSD-02,100011500749830,庞村,100011500611023,武家水
100012215146596,耿高城-1-1-6-O4CSD-01_豆公-1-1-6-O4CSD-02,100011500739383,耿高城,100011500604159,豆公
100012215146622,滑县王村-1-1-5-OIB1S-01_牛屯王村学校-1-1-4-OIB1S-01,100011500697834,滑县王村,100011500780660,牛屯王村学校
100012215147153,东柏涧&西柏涧-1-1-6-O4CSD-02_铜冶-1-1-4-OL4-02,100011500604755,东柏涧&西柏涧,100011500605981,铜冶
100012215144734,顾德（辛留）-1-1-6-O4CSD-01_菜园马营-1-1-6-O4CSD-02,100011500741716,顾德（辛留）,100011500603996,菜园马营
100012215141680,矿物局（VIP）-1-1-6-O4CSD-01_水冶医院(VIP)-1-1-6-O4CSD-02,100011500606280,矿物局（VIP）,100011500609433,水冶医院(VIP)
100012215146934,东石井岗-1-1-5-OIB1D-01_孙家岗东北-1-1-5-OIB1D-02,100011500777053,东石井岗,100011500664436,孙家岗东北
100012215146392,林钢-1-1-4-OIB1S-01_石村-1-1-5-OIB1D-01,100011500603803,林钢,100011500601643,石村
100014427595463,枣村乡北马庄-1-1-6-O4CSD-01_小寨村-1-1-6-O4CSD-02,100011500731631,枣村乡北马庄,100011500734175,小寨村
100012215141962,李家岗-1-1-6-O4CSD-01_井头-1-1-6-O4CSD-02,100011500690102,李家岗,100011500606960,井头
100012215154215,王相岩-1-1-6-O4CSD-02_贤麻沟-1-1-6-O4CSD-01,100011500709720,王相岩,100011500603441,贤麻沟
100012215042252,安林矿（VIP）-1-1-6-O4CSD-01_水冶四中（VIP）-1-1-6-O4CSD-01,100011500996341,安林矿（VIP）,100011500996312,水冶四中（VIP）
100012215083838,茶点小碾-1-1-5-OIB1S-01_茶店-1-1-4-OIB1D-01,100011501132421,茶点小碾,100011500603641,茶店
100012215145310,铜冶-1-1-4-OL4-03_付家沟-1-1-6-O4CSD-02,100011500605981,铜冶,100011500777026,付家沟
100012215123527,厚子岗（村通）-1-1-6-O4CSD-01_茶店山拐头-1-1-6-O4CSD-02,100011500734062,厚子岗（村通）,100011500609116,茶店山拐头
100012215073036,白道口（VIP)-1-1-6-O4CSD-01_四间房粮管所-1-1-6-O4CSD-01,100011500714141,白道口（VIP),100011500765592,四间房粮管所
100012215147164,郭桑屯-1-1-6-O4CSD-01_南堤上-1-1-6-O4CSD-02,100011500734320,郭桑屯,100011500607066,南堤上
100012215147380,李珍村-1-1-6-O4CSD-02_铜冶石堂-1-1-6-O4CSD-01,100011500754761,李珍村,100011500607149,铜冶石堂
100012215146597,内黄-1-1-4-OL4-01_林字-1-1-6-O4CSD-02,100011500603621,内黄,100011500709985,林字
100012215147375,河顺东山-1-1-6-O4CSD-02_河顺-1-1-6-O4CSD-01,100011500709248,河顺东山,100011500608022,河顺
100012215147012,孟庄-1-1-6-O4CSD-02_赵庄-1-1-6-O4CSD-01,100011500741713,孟庄,100011500810083,赵庄
100012215144949,白条河-1-1-6-OL4-03_刘邢固-1-1-6-O4CSD-02,100011500601775,白条河,100011500611011,刘邢固
100012215121422,矿物局（VIP）-1-1-6-O4CSD-02_水冶东北-1-1-6-O4CSD-01,100011500606280,矿物局（VIP）,100011500604044,水冶东北
100012215121377,水冶南街村-1-1-6-O4CSD-02_水冶镇（VIP）-1-1-6-O4CSD-01,100011500608226,水冶南街村,100011500606205,水冶镇（VIP）
100016719712114,骆家庄-1-1-6-O4CSD-01_中华路西环-1-1-2-OL4-01,100011500794459,骆家庄,100011500709585,中华路西环
100012215147024,顾德（辛留）-1-1-6-O4CSD-02_任固辛留-1-1-6-O4CSD-01,100011500741716,顾德（辛留）,100011500605689,任固辛留
100012215154205,柳圈-1-1-6-O4CSD-02_半坡店乡东老河寨-1-1-6-O4CSD-01,100011500604016,柳圈,100011500603901,半坡店乡东老河寨
100012215146157,大坡-1-1-6-O4CSD-01_南青村-1-1-6-O4CSD-02,100011500603498,大坡,100011500605911,南青村
100012215145762,徐固营-1-1-6-O4CSD-02_冯家村-1-1-6-O4CSD-01,100011500734194,徐固营,100011500734162,冯家村
100012215144733,坟头-1-1-6-O4CSD-01_西丰-1-1-6-O4CSD-02,100011500754285,坟头,100011500603423,西丰
100012215147426,林州-1-1-7-OL64-01_姚村-1-1-10-OL64-01,100011500603402,林州,100011500631332,姚村
100012225145762,徐固营-1-1-6-O4CSD-02_留固-1-1-10-OL64-01,100011500734194,徐固营,100011500709001,留固
100012215147213,西五方-1-1-4-OIB1S-01_西盘邱-1-1-4-OIB1S-01,100011500862632,西五方,100011500634839,西盘邱
100012215083824,武家泊-1-1-5-OIB1S-01_史家河-1-1-4-OIB1D-01,100011500605837,武家泊,100011500606971,史家河
100012215145537,内黄-1-1-7-OL64-01_东风路东环-1-1-10-OL64-01,100011500603621,内黄,100011500709348,东风路东环
100012215147629,汤河北基站-1-1-6-O4CSD-01_西段村-1-1-6-O4CSD-02,100011500604561,汤河北基站,100011500603635,西段村
100012215151522,合脉掌(村通）-1-1-5-OIB1D-01_连庄-1-1-5-OIB1S-01,100011500733823,合脉掌(村通）,100011500603414,连庄
100012215154200,内黄菜园-1-1-6-O4CSD-02_宋村-1-1-6-O4CSD-01,100011500601794,内黄菜园,100011500607084,宋村
100012215146781,南故城-1-1-6-O4CSD-02_菜园-1-1-6-O4CSD-01,100011500709674,南故城,100011500856975,菜园
100012215083624,黄河路东环-1-1-5-OL4-02_仝和庄-1-1-6-O4CSD-02,100011500824208,黄河路东环,100011500633253,仝和庄
100012215167967,陈沧沟-1-1-6-O4CSD-02_西下恒-1-1-6-O4CSD-01,100011500603488,陈沧沟,100011500603409,西下恒
100012215147201,石村-1-1-4-OIB1S-01_史家河-1-1-5-OIB1S-01,100011500601643,石村,100011500606971,史家河
100012215146930,裴村-1-1-6-O4CSD-02_南野庄-1-1-6-O4CSD-01,100011500607692,裴村,100011500745660,南野庄
100012215147442,后高汉-1-1-6-O4CSD-02_汤阴杨辛庄-1-1-6-O4CSD-01,100011500734308,后高汉,100011500735213,汤阴杨辛庄
100012215073024,石佛-1-1-6-O4CSD-01_东安村-1-1-6-O4CSD-02,100011500747242,石佛,100011500603318,东安村
100012215146357,内黄-1-1-11-OL4-01_晁寺-1-1-6-O4CSD-01,100011500603621,内黄,100011500739406,晁寺
100012215148295,五龙-1-1-5-OIB1D-01_南沃-1-1-4-OIB1S-01,100011500607396,五龙,100011500608141,南沃
100012215122210,水冶镇（VIP）-1-1-6-O4CSD-02_水冶广场-1-1-6-O4CSD-01,100011500606205,水冶镇（VIP）,100011500607821,水冶广场
100012215147663,下柏树-1-1-6-O4CSD-02_上柏树-1-1-6-O4CSD-01,100011500761088,下柏树,100011500810126,上柏树
100012215128448,石楼（付村）-1-1-4-OIB1S-01_李家寨-1-1-5-OIB1S-01,100011500848084,石楼（付村）,100011500770222,李家寨
100012215146564,西沙店-1-1-6-O4CSD-01_一都空调-1-1-6-O4CSD-02,100011500741910,西沙店,100011500601716,一都空调
100012215144801,三棵营（关刘庄）-1-1-6-O4CSD-02_焦虎-1-1-7-O4CSD-01,100011500720661,三棵营（关刘庄）,100011500711124,焦虎
100012215146206,龙口（09村通）-1-1-5-OIB1D-01_牛窑沟-1-1-5-OIB1D-01,100011500766078,龙口（09村通）,100011500609848,牛窑沟
100012215168470,付家河（刘家河）-1-1-6-O4CSD-01_姚村-1-1-16-OL4-01,100011500716784,付家河（刘家河）,100011500631332,姚村
100012215146801,伦掌谷驼南-1-1-6-O4CSD-01_铜冶化炉-1-1-6-O4CSD-01,100011500603317,伦掌谷驼南,100011500609454,铜冶化炉
100012215151227,流山沟-1-1-5-OIB1D-01_桂林鹤山-1-1-5-OIB1S-01,100011500740098,流山沟,100011500604199,桂林鹤山
100012215165192,曲沟新镇-1-1-6-O4CSD-01_曲沟一中-1-1-6-O4CSD-02,100011500765536,曲沟新镇,100011500603232,曲沟一中
100012215129228,水冶东关-1-1-6-O4CSD-02_水冶-1-1-16-OL4-04,100011500810241,水冶东关,100011500601792,水冶
100012215147607,河门头-1-1-6-O4CSD-02_慈周寨高庄-1-1-6-O4CSD-01,100011500833587,河门头,100011500630780,慈周寨高庄
100012215148300,漆峪-1-1-4-OIB1S-01_五龙城峪-1-1-5-OIB1S-01,100011500609773,漆峪,100011500606818,五龙城峪
100012215038765,安林矿（VIP）-1-1-6-O4CSD-02_清池-1-1-6-O4CSD-01,100011500996341,安林矿（VIP）,100011500633143,清池
100012215144995,清浴-1-1-6-O4CSD-02_铜冶子珍-1-1-6-O4CSD-01,100011500761062,清浴,100011500810695,铜冶子珍
100012215144689,田氏-1-1-6-O4CSD-02_周庄村-1-1-6-O4CSD-01,100011500603564,田氏,100011500747226,周庄村
100012215146894,桂林-1-1-11-OL1-01_桂林基站-1-1-5-OIB1S-01,100011500709228,桂林,100011500606419,桂林基站
100012215168472,红旗渠（VIP）-1-1-6-O4CSD-01_木家庄-1-1-6-O4CSD-02,100011500609606,红旗渠（VIP）,100011500609461,木家庄
100016457255951,李虎寺-1-1-6-O4CSD-01_白马道镇冯村-1-1-6-O4CSD-01,100011500986321,李虎寺,100011500986317,白马道镇冯村
100012215045923,内黄-1-1-11-OL4-02_北流河-1-1-7-OCSx-03,100011500603621,内黄,100011500998421,北流河
100012215146839,西下庄-1-1-4-OIB1S-01_沙河-1-1-4-OIB1S-01,100011500809099,西下庄,100011500922260,沙河
100012215037518,交口-1-1-6-O4CSD-02_北齐村-1-1-6-O4CSD-01,100011500605526,交口,100011500996571,北齐村
100012215147514,周庄村-1-1-6-O4CSD-02_汤王庙-1-1-6-O4CSD-01,100011500747226,周庄村,100011500605910,汤王庙
100012215145570,侯庄-1-1-6-O4CSD-02_西官庄-1-1-6-O4CSD-01,100011500740863,侯庄,100011500601852,西官庄
100012215147486,英烈-1-1-4-OIB1S-01_伦掌-1-1-5-OIB1S-01,100011500754685,英烈,100011500609362,伦掌
100012215167971,北坡-1-1-6-O4CSD-01_东姚-1-1-6-O4CSD-02,100011500606256,北坡,100011500601655,东姚
100012215147582,任村故城-1-1-6-O4CSD-02_东卢寨-1-1-6-O4CSD-01,100011500604443,任村故城,100011500839875,东卢寨
100012215147579,小五里涧-1-1-5-OIB1D-01_东赵-1-1-6-O4CSD-02,100011500648566,小五里涧,100011500607049,东赵
100012215145912,杨家河-1-1-12-OL1-02_东赵-1-1-6-O4CSD-02,100011500848568,杨家河,100011500607049,东赵
100013787109838,田氏陈庄-1-1-6-O4CSD-02_东口上村-1-1-6-O4CSD-01,100011500776965,田氏陈庄,100011500604917,东口上村
100012215147527,南孟庄-1-1-6-O4CSD-02_杜家岗-1-1-6-O4CSD-01,100011500761082,南孟庄,100011500766733,杜家岗
100012215145745,横水寒镇-1-1-6-O4CSD-02_下台-1-1-6-O4CSD-01,100011500709754,横水寒镇,100011500709143,下台
100012215147157,焦家屯-1-1-6-O4CSD-01_河顺-1-1-6-O4CSD-02,100011500930975,焦家屯,100011500608022,河顺
100012215147078,铜冶-1-1-4-OL4-01_铜冶子珍-1-1-6-O4CSD-02,100011500605981,铜冶,100011500810695,铜冶子珍
100012215145585,上柏树（东彪涧）-1-1-6-O4CSD-01_上柏树-1-1-6-O4CSD-02,100011500754773,上柏树（东彪涧）,100011500810126,上柏树
100012215144747,后岗头-1-1-6-O4CSD-02_大偏店-1-1-6-O4CSD-01,100011500702625,后岗头,100011500604183,大偏店
100012215154201,王相岩-1-1-6-O4CSD-01_石板岩(VIP)-1-1-6-O4CSD-02,100011500709720,王相岩,100011500606304,石板岩(VIP)
100012215151411,苇涧-1-1-5-OIB1S-01_占元-1-1-4-OIB1S-01,100011500607667,苇涧,100011500608035,占元
100012215147411,水浴-1-1-6-O4CSD-02_众乐-1-1-6-O4CSD-01,100011500720226,水浴,100011500720482,众乐
100016887882308,白马道镇冯村-1-1-6-O4CSD-02_花堤口-1-1-6-O4CSD-01,100011500986317,白马道镇冯村,100011500986315,花堤口
100012215129918,东寨-1-1-6-O4CSD-01_东曲阳-1-1-6-O4CSD-02,100011500841888,东寨,100011500740952,东曲阳
100012215146420,宰村-1-1-6-O4CSD-02_西石盘村-1-1-6-O4CSD-01,100011500777059,宰村,100011500776999,西石盘村
100012215146975,清凉寺-1-1-6-O4CSD-01_八角-1-1-6-O4CSD-02,100011500604461,清凉寺,100011500646344,八角
100012215046116,慈周寨-1-1-7-OL64-01_留固-1-1-10-OL64-01,100011501001815,慈周寨,100011500709001,留固
100012215145343,任固辛留-1-1-6-O4CSD-02_后古城-1-1-6-O4CSD-01,100011500605689,任固辛留,100011500608529,后古城
100012215164161,菜园东尧会-1-1-6-O4CSD-02_镇抚寨-1-1-6-O4CSD-01,100011500606752,菜园东尧会,100011500609437,镇抚寨
100012215042411,许家沟乡小寨村-1-1-6-O4CSD-02_水冶四中（VIP）-1-1-6-O4CSD-02,100011500996338,许家沟乡小寨村,100011500996312,水冶四中（VIP）
100012215147407,赵屯-1-1-6-O4CSD-02_辉泉-1-1-6-O4CSD-02,100011500812025,赵屯,100011500607355,辉泉
100012215146348,后高汉-1-1-6-O4CSD-01_古贤周刘村-1-1-6-O4CSD-02,100011500734308,后高汉,100011500603780,古贤周刘村
100012215146209,东卢寨-1-1-6-O4CSD-02_东岗-1-1-6-O4CSD-01,100011500839875,东卢寨,100011500603420,东岗
100012215147187,大南山-1-1-6-O4CSD-02_东油村（村通）-1-1-6-O4CSD-01,100011500740096,大南山,100011500734942,东油村（村通）
100012215146993,滑固营-1-1-6-O4CSD-02_小营-1-1-6-O4CSD-01,100011500853959,滑固营,100011500607332,小营
100012215147461,西沙店-1-1-6-O4CSD-02_郎柳集-1-1-6-O4CSD-01,100011500741910,西沙店,100011500862635,郎柳集
100012215154208,内黄北街（VIP）-1-1-6-O4CSD-02_马上-1-1-6-O4CSD-01,100011500734310,内黄北街（VIP）,100011500609563,马上
100015964323264,桂林-1-1-11-OL1-01_冯沟（09村通）-1-1-5-OIB1D-01,100011500709228,桂林,100011500788386,冯沟（09村通）
100012215146786,太和-1-1-6-O4CSD-02_华家-1-1-6-O4CSD-01,100011500839658,太和,100011500780821,华家
100012215121713,盘山-1-1-6-O4CSD-01_南丰-1-1-6-O4CSD-02,100011500609338,盘山,100011500611018,南丰
100012215073035,西呼-1-1-6-O4CSD-02_四间房粮管所-1-1-6-O4CSD-02,100011500862633,西呼,100011500765592,四间房粮管所
100012215146740,魏家庄（09村通）-1-1-6-O4CSD-01_王家庙-1-1-6-O4CSD-02,100011500766080,魏家庄（09村通）,100011500601661,王家庙
100012215122392,水冶南街村-1-1-6-O4CSD-01_水冶-1-1-11-OL4-02,100011500608226,水冶南街村,100011500601792,水冶
100012215152785,林钢-1-1-5-OIB1D-01_沙蒋-1-1-5-OIB1D-01,100011500603803,林钢,100011500722642,沙蒋
100012215145760,八角-1-1-6-O4CSD-01_东岗-1-1-6-O4CSD-02,100011500646344,八角,100011500603420,东岗
100012215147635,后河城布-1-1-6-O4CSD-02_南丈堡-1-1-6-O4CSD-01,100011500603720,后河城布,100011500607472,南丈堡
100012215147420,留固-1-1-11-OL4-02_小寨村-1-1-6-O4CSD-01,100011500709001,留固,100011500734175,小寨村
100012215125847,西缑庄-1-1-5-OIB1S-01_祁屯-1-1-5-OIB1D-02,100011500765678,西缑庄,100011500766003,祁屯
100012215046124,慈周寨-1-1-4-OL4-03_慈周寨（基站）-1-1-6-O4CSD-01,100011501001815,慈周寨,100011500780841,慈周寨（基站）
100022215147159,黄河路西环_黄河路东环,100011500764960,黄河路西环,100011500824208,黄河路东环
100012215147293,陵阳工业区-1-1-5-OIB1S-01_杨家营-1-1-4-OIB1S-01,100011500605794,陵阳工业区,100011500603897,杨家营
100012215128446,石楼（付村）-1-1-5-OIB1S-01_苇涧-1-1-4-OIB1S-01,100011500848084,石楼（付村）,100011500607667,苇涧
100012215129948,定角(史家河新)-1-1-6-O4CSD-01_重机集团-1-1-6-O4CSD-02,100011500740940,定角(史家河新),100011500740950,重机集团
100028562577488,后河-1-1-6-O4CSD-02_西王苑-1-1-6-O4CSD-01,100011500603577,后河,100011500609675,西王苑
100012215147626,黄河路西环-1-1-10-OL64-01_中华路西环-1-1-7-OL64-01,100011500764960,黄河路西环,100011500709585,中华路西环
100012215147053,寨子-1-1-6-O4CSD-02_曲沟一中-1-1-6-O4CSD-01,100011500606255,寨子,100011500603232,曲沟一中
100012215057715,荆张村-1-1-6-O4CSD-01_牛林-1-1-6-O4CSD-02,100011500865189,荆张村,100011500656624,牛林
100012215129025,南窑-1-1-5-OIB1S-01_冯举沟-1-1-4-OIB1S-01,100011500901090,南窑,100011500609375,冯举沟
100012215041358,水冶-1-1-14-OL4-01_水冶化肥厂（VIP）-1-1-6-O4CSD-02,100011500601792,水冶,100011500993567,水冶化肥厂（VIP）
100012215147469,陵阳铝电-1-1-6-O4CSD-02_中华路西环-1-1-11-OL4-03,100011500734372,陵阳铝电,100011500709585,中华路西环
100012215146121,铜冶八中-1-1-6-O4CSD-02_水冶-1-1-13-OL4-02,100011500658645,铜冶八中,100011500601792,水冶
100012215145988,宋小寨-1-1-6-O4CSD-01_西大城-1-1-6-O4CSD-02,100011500708924,宋小寨,100011500606484,西大城
100012215147644,西小寨-1-1-6-O4CSD-01_白道口（VIP)-1-1-6-O4CSD-02,100011500839675,西小寨,100011500714141,白道口（VIP)
100012215141979,上陶-1-1-6-O4CSD-02_军营村-1-1-6-O4CSD-01,100011500606510,上陶,100011500603189,军营村
100012215164158,岳儿寨-1-1-6-O4CSD-01_镇抚寨-1-1-6-O4CSD-02,100011500603276,岳儿寨,100011500609437,镇抚寨
100012215129927,官庄-1-1-6-O4CSD-01_北陵阳-1-1-6-O4CSD-02,100011500740965,官庄,100011500816643,北陵阳
100012215145367,三阳-1-1-5-OIB1S-01_河间小寨-1-1-4-OIB1S-01,100011500603431,三阳,100011500847665,河间小寨
100012215168124,宋老峪(北景色）-1-1-6-O4CSD-01_南峪-1-1-6-O4CSD-02,100011500604805,宋老峪(北景色）,100011500676222,南峪
100012215080779,丰乐店-1-1-6-O4CSD-02_长坡-1-1-6-O4CSD-01,100011500733825,丰乐店,100011500606464,长坡
100012215149645,槐树屯-1-1-6-O4CSD-02_寨子-1-1-6-O4CSD-01,100011500764705,槐树屯,100011500606255,寨子
100028562598731,北召-1-1-6-O4CSD-01_魏庄村-1-1-6-O4CSD-02,100011500603535,北召,100011500606500,魏庄村
100012215163561,后河-1-1-6-O4CSD-01_白条河医院-1-1-6-O4CSD-02,100011500603577,后河,100011500606991,白条河医院
100012215146754,秦家庄-1-1-8-OCSx-03_下里街（09村通）-1-1-6-O4CSD-01,100011500823592,秦家庄,100011500766077,下里街（09村通）
100012215146191,刘家街南-1-1-6-O4CSD-02_中华路西环-1-1-6-OL4-01,100011500775661,刘家街南,100011500709585,中华路西环
100012215147292,水冶-1-1-6-OL1-01_天喜镇-1-1-4-OIB1S-01,100011500601792,水冶,100011500746304,天喜镇
100012215147243,杨庄-1-1-6-O4CSD-01_大坡-1-1-6-O4CSD-02,100011500609517,杨庄,100011500603498,大坡
100012215146547,林字-1-1-6-O4CSD-01_楚旺王庄-1-1-6-O4CSD-02,100011500709985,林字,100011500824378,楚旺王庄
100012215058278,小寨-1-1-6-O4CSD-01_北丈堡-1-1-6-O4CSD-02,100011500734118,小寨,100011500734132,北丈堡
100012215147578,新沟村-1-1-6-O4CSD-02_内黄菜园-1-1-6-O4CSD-01,100011500769762,新沟村,100011500601794,内黄菜园
100012215041360,水冶化肥厂（VIP）-1-1-6-O4CSD-01_超限站-1-1-6-O4CSD-02,100011500993567,水冶化肥厂（VIP）,100011500993564,超限站
100012215146832,黄华寺-1-1-6-O4CSD-01_贤麻沟-1-1-6-O4CSD-02,100011500601787,黄华寺,100011500603441,贤麻沟
100016516888066,青沙村-1-1-6-O4CSD-02_任村-1-1-6-O4CSD-01,100011500604916,青沙村,100011500603481,任村
100012215145556,滑县王村-1-1-4-OIB1S-01_马圪垱-1-1-5-OIB1S-01,100011500697834,滑县王村,100011500821163,马圪垱
100028562571645,白营-1-1-6-O4CSD-02_仝和庄-1-1-6-O4CSD-01,100011500608551,白营,100011500633253,仝和庄
100028562566796,后河城布-1-1-6-O4CSD-01_西王苑-1-1-6-O4CSD-02,100011500603720,后河城布,100011500609675,西王苑
100012215151524,五龙-1-1-4-OIB1D-01_五龙城峪-1-1-4-OIB1S-01,100011500607396,五龙,100011500606818,五龙城峪
100012215148699,桂林张家庄-1-1-4-OIB1S-01_茶点胡家沟-1-1-5-OIB1S-01,100011500606725,桂林张家庄,100011500603571,茶点胡家沟
100012215145335,东沈村-1-1-6-O4CSD-02_范羊-1-1-6-O4CSD-01,100011500653107,东沈村,100011500654423,范羊
100012215080780,丰乐店-1-1-6-O4CSD-01_桂林桃科-1-1-6-O4CSD-02,100011500733825,丰乐店,100011500606402,桂林桃科
100012215141977,军营村-1-1-6-O4CSD-02_武家水-1-1-6-O4CSD-01,100011500603189,军营村,100011500611023,武家水
100012215163572,亳城-1-1-6-O4CSD-02_刘次范-1-1-6-O4CSD-01,100011500709714,亳城,100011500603282,刘次范
100012215122035,西高平-1-1-6-O4CSD-02_水冶-1-1-16-OL4-02,100011500609441,西高平,100011500601792,水冶
100012215168318,刘家街（VIP）-1-1-6-O4CSD-01_北小庄-1-1-6-O4CSD-02,100011500608483,刘家街（VIP）,100011500608127,北小庄
100012215145549,白条河-1-1-10-OL64-01_汤阴-1-1-7-OL64-01,100011500601775,白条河,100011500606026,汤阴
100016887881422,滑县-1-1-11-OL4-02_禹村-1-1-6-O4CSD-01,100011500632534,滑县,100011500741761,禹村
100016719716132,曲沟-1-1-6-O4CSD-01_曲沟新镇-1-1-6-O4CSD-02,100014265596139,曲沟,100011500765536,曲沟新镇
100012215146776,中福陶瓷园-1-1-6-O4CSD-01_杨刘庄-1-1-6-O4CSD-02,100011500828765,中福陶瓷园,100011500709153,杨刘庄
100028562597130,滑县-1-1-6-OL4-02_滑县职业中专-1-1-6-O4CSD-01,100011500632534,滑县,100011500810694,滑县职业中专
100012215129926,东寨-1-1-6-O4CSD-02_林州城北（09村通）-1-1-6-O4CSD-01,100011500841888,东寨,100011500766079,林州城北（09村通）
100012215146384,东兰村-1-1-6-O4CSD-02_小张盖-1-1-6-O4CSD-01,100011500734854,东兰村,100011500767715,小张盖
100012215146998,铜冶-1-1-4-OL4-04_下天助-1-1-6-O4CSD-01,100011500605981,铜冶,100011500604391,下天助
100012215167959,东山矿区-1-1-6-O4CSD-01_中华路西环-1-1-7-OL4-04,100011500603448,东山矿区,100011500709585,中华路西环
100012215041356,许家沟下庄-1-1-6-O4CSD-02_超限站-1-1-6-O4CSD-01,100011500996528,许家沟下庄,100011500993564,超限站
100012215147174,滑固营-1-1-6-O4CSD-01_枣村乡北马庄-1-1-6-O4CSD-02,100011500853959,滑固营,100011500731631,枣村乡北马庄
100012215129934,林州城北（09村通）-1-1-6-O4CSD-02_重机集团-1-1-6-O4CSD-01,100011500766079,林州城北（09村通）,100011500740950,重机集团
100012215167001,楚旺王庄-1-1-6-O4CSD-01_楚旺东街-1-1-6-O4CSD-02,100011500824378,楚旺王庄,100011500601659,楚旺东街
100012215168457,青沙村-1-1-6-O4CSD-01_姚村-1-1-11-OL4-01,100011500604916,青沙村,100011500631332,姚村
100014427595427,伏道北里于-1-1-6-O4CSD-02_黄河路东环-1-1-5-OL4-03,100011500607876,伏道北里于,100011500824208,黄河路东环
100012215128040,菜园-1-1-6-O4CSD-02_白营-1-1-6-O4CSD-01,100011500856975,菜园,100011500608551,白营
100012215080781,桂林-1-1-11-OL1-04_城郊乡后坡(河东村)-1-1-4-OIB1S-01,100011500709228,桂林,100011500603538,城郊乡后坡(河东村)
100012215148698,桂林张家庄-1-1-5-OIB1S-01_桂林王街-1-1-4-OIB1S-01,100011500606725,桂林张家庄,100011500603456,桂林王街
100012215147391,渔阳-1-1-5-OIB1S-01_安丰刘家屯-1-1-5-OIB1D-01,100011500754744,渔阳,100011500607905,安丰刘家屯
100012215146355,白道口镇前伍旺-1-1-6-O4CSD-02_李村-1-1-6-O4CSD-01,100011500609183,白道口镇前伍旺,100011500607577,李村
100012215162508,葛木-1-1-4-OIB1S-01_采桑-1-1-5-OIB1S-01,100011500709622,葛木,100011500607053,采桑
100013883969253,桂林-1-1-15-OL4-01_厚子岗（村通）-1-1-6-O4CSD-02,100011500709228,桂林,100011500734062,厚子岗（村通）
100014427595584,尖庄-1-1-7-O4CSD-02_漏子头-1-1-6-O4CSD-01,100011500607255,尖庄,100011500606663,漏子头
100012215144752,河顺东山-1-1-6-O4CSD-01_可乐山-1-1-7-O4CSD-02,100011500709248,河顺东山,100011500708692,可乐山
100012215147493,下天助-1-1-6-O4CSD-02_东高穴-1-1-6-O4CSD-01,100011500604391,下天助,100011500601932,东高穴
100012215147509,陵阳铝电-1-1-6-O4CSD-01_衡水蒋里-1-1-6-O4CSD-02,100011500734372,陵阳铝电,100011500609701,衡水蒋里
100012215083639,大王庄-1-1-6-O4CSD-02_南召集-1-1-6-O4CSD-02,100011500986306,大王庄,100011500986312,南召集
100016457255905,白条河-1-1-7-OL64-01_滑县-1-1-10-OL64-01,100011500601775,白条河,100011500632534,滑县
100012215147470,姚村-1-1-13-OL4-01_石板岩(VIP)-1-1-6-O4CSD-01,100011500631332,姚村,100011500606304,石板岩(VIP)
100012215147258,留固-1-1-5-OL1-01_西五方-1-1-5-OIB1S-01,100011500709001,留固,100011500862632,西五方
100012215146723,中华路西环-1-1-12-OL1-01_横水翟区-1-1-4-OIB1D-01,100011500709585,中华路西环,100011500709561,横水翟区
100017405648603,石佛-1-1-6-O4CSD-02_东英公-1-1-6-O4CSD-01,100011500747242,石佛,100011500765591,东英公
100012215146603,舜王峪-1-1-4-OIB1S-01_沙河-1-1-5-OIB1S-01,100011500607565,舜王峪,100011500922260,沙河
100012215168474,木家庄-1-1-6-O4CSD-01_盘阳-1-1-6-O4CSD-02,100011500609461,木家庄,100011500657757,盘阳
100012215145340,水冶-1-1-10-OL64-01_中华路东环-1-1-7-OL64-01,100011500601792,水冶,100011500708900,中华路东环
100012215151725,南河（村通）-1-1-5-OIB1D-01_西章-1-1-5-OIB1S-01,100011500735273,南河（村通）,100011500605581,西章
100012215143591,马鞍脑-1-1-6-O4CSD-02_姚村-1-1-16-OL4-03,100011500733603,马鞍脑,100011500631332,姚村
100015964323201,桂林-1-1-16-OL1-01_白云山-1-1-5-OIB1S-01,100011500709228,桂林,100011500606685,白云山
100015964323265,万泉湖-1-1-5-OIB1D-01_冯沟（09村通）-1-1-4-OIB1S-01,100011500608614,万泉湖,100011500788386,冯沟（09村通）
100012215163569,马鞍山-1-1-6-O4CSD-02_南海水库-1-1-6-O4CSD-01,100011500733951,马鞍山,100011500782644,南海水库
100012215141981,上陶-1-1-6-O4CSD-01_姚村-1-1-16-OL4-02,100011500606510,上陶,100011500631332,姚村
100012215147526,赵屯-1-1-6-O4CSD-01_大青山村-1-1-7-O4CSD-02,100011500812025,赵屯,100011500603340,大青山村
100012215147133,后坡-1-1-4-OIB1S-01_八里沟（村通）-1-1-5-OIB1D-01,100011500735237,后坡,100011500734878,八里沟（村通）
100012215146178,北杨村-1-1-6-O4CSD-01_范羊-1-1-6-O4CSD-02,100011500655262,北杨村,100011500654423,范羊
100012215146380,田庄村-1-1-7-O4CSD-01_上官镇兰旗屯-1-1-6-O4CSD-02,100011500780736,田庄村,100011500781325,上官镇兰旗屯
100012215168126,东上庄-1-1-6-O4CSD-02_东姚-1-1-6-O4CSD-01,100011500608133,东上庄,100011500601655,东姚
100012215144912,黄河路东环-1-1-7-OL64-01_汤阴-1-1-10-OL64-01,100011500824208,黄河路东环,100011500606026,汤阴
100012215046111,慈周寨-1-1-4-OL4-01_崔阳城-1-1-6-O4CSD-01,100011501001815,慈周寨,100011500780625,崔阳城
100012215145006,水冶-1-1-11-OL1-01_太平岗-1-1-5-OIB1D-01,100011500601792,水冶,100011500601783,太平岗
100016887881489,水冶东关-1-1-6-O4CSD-01_曲沟三中（VIP）-1-1-6-O4CSD-01,100011500810241,水冶东关,100011500606394,曲沟三中（VIP）
100012215168165,李家庄-1-1-6-O4CSD-01_下申街-1-1-6-O4CSD-02,100011500606421,李家庄,100011500740939,下申街
100012215145086,内黄-1-1-4-OL4-03_杨刘庄-1-1-6-O4CSD-01,100011500603621,内黄,100011500709153,杨刘庄
100012215144713,后花固-1-1-6-O4CSD-01_二安-1-1-6-O4CSD-02,100011500740281,后花固,100011500605916,二安
100012215151528,合脉掌(村通）-1-1-5-OIB1D-02_南沃-1-1-5-OIB1S-01,100011500733823,合脉掌(村通）,100011500608141,南沃
100012215067212,后马胡寨-1-1-6-O4CSD-02_满村-1-1-6-O4CSD-01,100011501113949,后马胡寨,100011500605708,满村
100012215151845,万泉湖-1-1-4-OIB1S-01_连庄-1-1-4-OIB1S-01,100011500608614,万泉湖,100011500603414,连庄
100012215126590,冢上-1-1-6-O4CSD-02_八里营-1-1-6-O4CSD-01,100011500734140,冢上,100011500734182,八里营
100012215144975,中华路西环-1-1-11-OL4-01_迭坡-1-1-6-O4CSD-02,100011500709585,中华路西环,100011500777048,迭坡
100014427595428,孟庄-1-1-6-O4CSD-01_任固-1-1-6-O4CSD-02,100011500741713,孟庄,100011500603533,任固
100012215168477,杓铺村-1-1-6-O4CSD-02_马家岩-1-1-6-O4CSD-01,100011500719425,杓铺村,100011500608046,马家岩
100012215145171,付家沟-1-1-6-O4CSD-01_东傍佐-1-1-6-O4CSD-02,100011500777026,付家沟,100011500673486,东傍佐
100012215168299,李家庄-1-1-6-O4CSD-02_气象局-1-1-6-O4CSD-01,100011500606421,李家庄,100011500606760,气象局
100012215084266,前莜昙-1-1-6-O4CSD-01_汤阴一中-1-1-6-O4CSD-02,100011500603681,前莜昙,100011500607882,汤阴一中
100012215147670,郎柳集-1-1-6-O4CSD-02_柳圈-1-1-6-O4CSD-01,100011500862635,郎柳集,100011500604016,柳圈
100012215141681,新天河水泥厂-1-1-6-O4CSD-01_水冶广场-1-1-6-O4CSD-02,100011500769247,新天河水泥厂,100011500607821,水冶广场
100012215147176,东明店-1-1-6-O4CSD-02_滑县骨科医院-1-1-6-O4CSD-02,100011500687307,东明店,100011500745869,滑县骨科医院
100012215168282,下申街-1-1-6-O4CSD-01_骆家庄-1-1-6-O4CSD-02,100011500740939,下申街,100011500794459,骆家庄
100012215147276,南北街村（郭固）-1-1-6-O4CSD-02_上官-1-1-6-O4CSD-01,100011500604075,南北街村（郭固）,100011500601790,上官
100012215145943,重兴店（村通）-1-1-5-OIB1D-01_口上（村通）-1-1-5-OIB1D-02,100011500734784,重兴店（村通）,100011500734938,口上（村通）
100012215080582,桂林-1-1-16-OL1-03_桂林鹤山-1-1-4-OIB1S-01,100011500709228,桂林,100011500604199,桂林鹤山
100028562600036,尚海村-1-1-6-O4CSD-02_西王村-1-1-6-O4CSD-01,100011500734944,尚海村,100011500606876,西王村
100012215068183,谢寨南-1-1-4-OIB1S-01_南琉璃-1-1-4-OIB1D-01,100011500865181,谢寨南,100011500734856,南琉璃
100012215146387,枣村-1-1-6-O4CSD-02_魏南呼-1-1-6-O4CSD-01,100011500603633,枣村,100011500606881,魏南呼
100012215146177,后王村-1-1-6-O4CSD-01_韩王尉-1-1-6-O4CSD-02,100011500606982,后王村,100011500609520,韩王尉
100012215147101,付家洞-1-1-5-OIB1D-02_安丰刘家屯-1-1-4-OIB1S-01,100011500761042,付家洞,100011500607905,安丰刘家屯
100012215167583,厚礼方屯-1-1-6-O4CSD-02_寺头-1-1-6-O4CSD-02,100011500742021,厚礼方屯,100011500778982,寺头
100012215167590,西罡-1-1-6-O4CSD-01_慈周寨（基站）-1-1-6-O4CSD-02,100011500780862,西罡,100011500780841,慈周寨（基站）
100012215057714,荆张村-1-1-6-O4CSD-02_石盘屯黄张村-1-1-6-O4CSD-01,100011500865189,荆张村,100011500655392,石盘屯黄张村
100015915029739,后拐（堂上）-1-1-6-O4CSD-01_南堤上-1-1-6-O4CSD-01,100011500734770,后拐（堂上）,100011500607066,南堤上
100012215145107,冯家村-1-1-6-O4CSD-02_北延屯-1-1-6-O4CSD-02,100011500734162,冯家村,100011500775654,北延屯
100012215147383,可乐山-1-1-7-O4CSD-01_付家沟（村通）-1-1-6-O4CSD-02,100011500708692,可乐山,100011500734745,付家沟（村通）
100012215147488,留固-1-1-6-OL4-01_八里营-1-1-6-O4CSD-02,100011500709001,留固,100011500734182,八里营
100012215146625,安丰乡政府（郭家屯）-1-1-6-O4CSD-02_下柏树-1-1-6-O4CSD-01,100011500761104,安丰乡政府（郭家屯）,100011500761088,下柏树
100012215141679,新天河水泥厂-1-1-6-O4CSD-02_水冶医院(VIP)-1-1-6-O4CSD-01,100011500769247,新天河水泥厂,100011500609433,水冶医院(VIP)
100012215147339,白条河-1-1-11-OL4-04_白条河医院-1-1-6-O4CSD-01,100011500601775,白条河,100011500606991,白条河医院
100012215157006,海生养殖-1-1-6-O4CSD-02_豆公-1-1-6-O4CSD-01,100011500633578,海生养殖,100011500604159,豆公
100012215129911,小营-1-1-6-O4CSD-02_东安村-1-1-6-O4CSD-01,100011500607332,小营,100011500603318,东安村
100012215080579,红星村-1-1-4-OIB1S-01_茶点胡家沟-1-1-4-OIB1S-01,100011500848133,红星村,100011500603571,茶点胡家沟
100012215145726,城郊付水洼-1-1-6-O4CSD-02_北观西-1-1-6-O4CSD-01,100011500709441,城郊付水洼,100011500610967,北观西
100012215145930,大偏店-1-1-6-O4CSD-02_南青村-1-1-6-O4CSD-01,100011500604183,大偏店,100011500605911,南青村
100028562566577,大青山村-1-1-7-O4CSD-01_南阳-1-1-6-O4CSD-01,100011500603340,大青山村,100011500608282,南阳
100012215151412,茶店大峪-1-1-4-OIB1S-01_南觅-1-1-5-OIB1D-01,100011500749819,茶店大峪,100011500607244,南觅
100017370377870,五陵林场-1-1-6-O4CSD-01_小宋村-1-1-6-O4CSD-02,100011500603550,五陵林场,100011500668005,小宋村
100012215145147,内黄-1-1-6-OL4-01_西石盘村-1-1-6-O4CSD-02,100011500603621,内黄,100011500776999,西石盘村
100012215146204,林州-1-1-10-OL64-01_桂林-1-1-7-OL64-01,100011500603402,林州,100011500709228,桂林
100012215167976,李家厂-1-1-6-O4CSD-02_东上庄-1-1-6-O4CSD-01,100011500607608,李家厂,100011500608133,东上庄
100012215123529,临淇吕庄-1-1-6-O4CSD-01_长坡-1-1-6-O4CSD-02,100011500609716,临淇吕庄,100011500606464,长坡
100012215168316,大同-1-1-6-O4CSD-02_桃园-1-1-6-O4CSD-01,100011500606095,大同,100011500605719,桃园
100012215129936,官庄-1-1-6-O4CSD-02_东曲阳-1-1-6-O4CSD-01,100011500740965,官庄,100011500740952,东曲阳
100012215066654,姚村基站(VIP)-1-1-6-O4CSD-02_姚村-1-1-4-OL4-03,100011500601822,姚村基站(VIP),100011500631332,姚村
100012215126389,水冶建行-1-1-6-O4CSD-02_水冶东北-1-1-6-O4CSD-02,100011500810240,水冶建行,100011500604044,水冶东北
100012215145713,石盘屯-1-1-6-O4CSD-01_石盘屯黄张村-1-1-6-O4CSD-02,100011500603320,石盘屯,100011500655392,石盘屯黄张村
100012215145721,陶相寺-1-1-6-O4CSD-02_三棵营（关刘庄）-1-1-6-O4CSD-01,100011500690580,陶相寺,100011500720661,三棵营（关刘庄）
100012215058277,北丈堡-1-1-6-O4CSD-01_南丈堡-1-1-6-O4CSD-02,100011500734132,北丈堡,100011500607472,南丈堡
100012215145974,合涧小屯-1-1-6-O4CSD-01_刘家街南-1-1-6-O4CSD-01,100011500810112,合涧小屯,100011500775661,刘家街南
100012215146900,耿高城-1-1-6-O4CSD-02_西王村-1-1-6-O4CSD-02,100011500739383,耿高城,100011500606876,西王村
100012215145491,白家庄-1-1-6-O4CSD-02_二安-1-1-6-O4CSD-01,100011500609506,白家庄,100011500605916,二安
100012215146542,马家庄-1-1-6-O4CSD-02_土楼-1-1-6-O4CSD-01,100011500801370,马家庄,100011500800862,土楼
100012215147300,西牛良-1-1-6-O4CSD-01_魏家庄（09村通）-1-1-6-O4CSD-02,100011500810111,西牛良,100011500766080,魏家庄（09村通）
100012215146338,前皇甫-1-1-6-O4CSD-02_后岗头-1-1-6-O4CSD-01,100011500788390,前皇甫,100011500702625,后岗头
100014427595622,南河（村通）-1-1-5-OIB1D-02_后寨-1-1-4-OIB1D-01,100011500735273,南河（村通）,100011500608001,后寨
100012215145965,内黄-1-1-5-OL1-04_东长固-1-1-5-OIB1D-01,100011500603621,内黄,100011500734536,东长固
100016887902734,赵所-1-1-6-O4CSD-01_井头-1-1-6-O4CSD-01,100011500765981,赵所,100011500606960,井头
100012215145547,姚村基站(VIP)-1-1-6-O4CSD-01_盘山路（寨底）-1-1-6-O4CSD-01,100011500601822,姚村基站(VIP),100011500745632,盘山路（寨底）
100012215144954,灵药-1-1-6-O4CSD-02_张贾店-1-1-6-O4CSD-01,100011500776968,灵药,100011500604497,张贾店
100012215164149,西水磨湾-1-1-6-O4CSD-02_菜园东尧会-1-1-6-O4CSD-01,100011500709928,西水磨湾,100011500606752,菜园东尧会
100015964323088,慈周寨-1-1-10-OL64-01_滑县-1-1-7-OL64-01,100011501001815,慈周寨,100011500632534,滑县
100012215145791,后花固-1-1-6-O4CSD-02_晁小寨-1-1-6-O4CSD-01,100011500740281,后花固,100011500607078,晁小寨
100012215141965,教场-1-1-6-O4CSD-02_东岗南丁冶（大井）-1-1-6-O4CSD-01,100011500734228,教场,100011500608544,东岗南丁冶（大井）
100012215080596,原康三宗庙-1-1-5-OIB1D-01_郝家窑-1-1-4-OIB1S-01,100011500604679,原康三宗庙,100011500604432,郝家窑
100012215146942,郭家窑-1-1-6-O4CSD-01_营里-1-1-6-O4CSD-02,100011500738524,郭家窑,100011500610969,营里
100012215144728,沙蒋-1-1-4-OIB1S-01_杨家营-1-1-5-OIB1D-02,100011500722642,沙蒋,100011500603897,杨家营
100014427595431,茶店-1-1-5-OIB1D-01_桂林基站-1-1-4-OIB1D-01,100011500603641,茶店,100011500606419,桂林基站
100028562588654,北苗圃-1-1-6-O4CSD-01_六井-1-1-6-O4CSD-02,100011500607097,北苗圃,100011500740092,六井
100012215057987,小寨-1-1-6-O4CSD-02_白条河-1-1-11-OL4-04,100011500734118,小寨,100011500601775,白条河
100012215145781,北韩庄-1-1-6-O4CSD-01_汤阴杨辛庄-1-1-6-O4CSD-02,100011500764823,北韩庄,100011500735213,汤阴杨辛庄
100012215168273,桃园-1-1-6-O4CSD-02_清林(宋村)-1-1-6-O4CSD-01,100011500605719,桃园,100011500601777,清林(宋村)
100012215143589,李家岗-1-1-6-O4CSD-02_姚村-1-1-11-OL4-03,100011500690102,李家岗,100011500631332,姚村
100012215144688,靳庄-1-1-6-O4CSD-02_白条河-1-1-6-OL4-02,100011500601648,靳庄,100011500601775,白条河
100012215145921,太平庄-1-1-6-O4CSD-02_衡水蒋里-1-1-6-O4CSD-01,100011500740117,太平庄,100011500609701,衡水蒋里
100012215161216,西高平-1-1-6-O4CSD-01_南段村-1-1-6-O4CSD-02,100011500609441,西高平,100011500673980,南段村
100012215084262,西水磨湾-1-1-6-O4CSD-01_黄河路东环-1-1-12-OL4-03,100011500709928,西水磨湾,100011500824208,黄河路东环
100012215165212,秦家庄-1-1-7-OCSx-03_北观西-1-1-6-O4CSD-02,100011500823592,秦家庄,100011500610967,北观西
100012215145994,郭家窑-1-1-6-O4CSD-02_太平庄-1-1-6-O4CSD-01,100011500738524,郭家窑,100011500740117,太平庄
100012215145987,白道口镇前伍旺-1-1-6-O4CSD-01_魏南呼-1-1-6-O4CSD-02,100011500609183,白道口镇前伍旺,100011500606881,魏南呼
100015964323238,中华路西环-1-1-5-OL1-04_官庄2-1-1-4-OIB1S-01,100011500709585,中华路西环,100011500816291,官庄2
100012215165205,洪河屯崔巍炉-1-1-6-O4CSD-01_成人中专（VIP）-1-1-6-O4CSD-02,100011500605934,洪河屯崔巍炉,100011500608276,成人中专（VIP）
100012215083648,留固-1-1-6-OL4-02_李虎寺-1-1-6-O4CSD-02,100011500709001,留固,100011500986321,李虎寺
100012215147312,五陵乡水塔河村-1-1-6-O4CSD-02_小宋村-1-1-6-O4CSD-01,100011500603425,五陵乡水塔河村,100011500668005,小宋村
100012215067214,后马胡寨-1-1-6-O4CSD-01_陈李庄-1-1-6-O4CSD-01,100011501113949,后马胡寨,100011500603685,陈李庄
100012215129026,南窑-1-1-4-OIB1S-01_白云山-1-1-4-OIB1D-01,100011500901090,南窑,100011500606685,白云山
100012215167581,西罡-1-1-6-O4CSD-02_寺头-1-1-6-O4CSD-01,100011500780862,西罡,100011500778982,寺头
100012215144899,李珍村-1-1-6-O4CSD-01_都里东水-1-1-6-O4CSD-02,100011500754761,李珍村,100011500754687,都里东水
100012215144783,内黄-1-1-6-OL4-01_张固村-1-1-6-O4CSD-02,100011500603621,内黄,100011500740798,张固村
100012215145099,水冶-1-1-14-OL4-02_善应-1-1-6-O4CSD-02,100011500601792,水冶,100011500603851,善应
100012215147040,下台-1-1-6-O4CSD-02_杨家庄-1-1-6-O4CSD-01,100011500709143,下台,100011500607689,杨家庄
100012215129567,上庄(村通)-1-1-4-OIB1S-01_南坡-1-1-4-OIB1D-01,100011500734232,上庄(村通),100011500922269,南坡
100012215168468,红旗渠（VIP）-1-1-6-O4CSD-02_杓铺村-1-1-6-O4CSD-01,100011500609606,红旗渠（VIP）,100011500719425,杓铺村
100012215147059,都里乡南阳城-1-1-6-O4CSD-01_都里乡政府-1-1-6-O4CSD-02,100011500604029,都里乡南阳城,100011500609513,都里乡政府
100012215145754,姚村-1-1-13-OL4-02_井湾（村通）-1-1-6-O4CSD-01,100011500631332,姚村,100011500734150,井湾（村通）
100012215147110,水冶-1-1-7-OL64-01_桂林-1-1-10-OL64-01,100011500601792,水冶,100011500709228,桂林
100012215146960,中华路西环-1-1-6-OL4-03_达连池-1-1-6-O4CSD-01,100011500709585,中华路西环,100011500848128,达连池
100012215046130,慈周寨-1-1-15-OL4-03_瓦岗孟庄-1-1-6-O4CSD-02,100011501001815,慈周寨,100011500780586,瓦岗孟庄
100012215147077,西姜庄-1-1-6-O4CSD-01_后赵湖-1-1-6-O4CSD-02,100011500839676,西姜庄,100011500734304,后赵湖
100012215147333,河街-1-1-6-O4CSD-02_盘山路（寨底）-1-1-6-O4CSD-02,100011500609515,河街,100011500745632,盘山路（寨底）
100012215146412,清凉寺-1-1-6-O4CSD-02_付家沟（村通）-1-1-6-O4CSD-01,100011500604461,清凉寺,100011500734745,付家沟（村通）
100012215151570,五龙洞-1-1-4-OIB1S-01_占元-1-1-5-OIB1S-01,100011500607146,五龙洞,100011500608035,占元
100012215145101,半坡店乡零河-1-1-6-O4CSD-02_东明店-1-1-6-O4CSD-01,100011500862625,半坡店乡零河,100011500687307,东明店
100012215123533,临淇吕庄-1-1-6-O4CSD-02_临淇镇丰润酒店-1-1-6-O4CSD-01,100011500609716,临淇吕庄,100011500754156,临淇镇丰润酒店
100012215145961,南孟庄-1-1-6-O4CSD-01_众乐-1-1-6-O4CSD-02,100011500761082,南孟庄,100011500720482,众乐
100012215047830,古井-1-1-6-O4CSD-01_都里东水-1-1-6-O4CSD-01,100011500761090,古井,100011500754687,都里东水
100012215147147,陶相寺-1-1-6-O4CSD-01_瓦岗乡大范庄-1-1-6-O4CSD-02,100011500690580,陶相寺,100011500728864,瓦岗乡大范庄
100012215154727,太平岗-1-1-4-OIB1D-01_二龙山-1-1-4-OIB1S-01,100011500601783,太平岗,100011500733289,二龙山
100012215146185,井湾（村通）-1-1-6-O4CSD-02_西丰-1-1-6-O4CSD-01,100011500734150,井湾（村通）,100011500603423,西丰
100012215146921,张龙-1-1-6-O4CSD-02_内黄-1-1-6-OL4-02,100011500607222,张龙,100011500603621,内黄
100012215148368,漆峪-1-1-5-OIB1S-01_埝上-1-1-5-OIB1S-01,100011500609773,漆峪,100011500603372,埝上
100012215123528,刑掌-1-1-6-O4CSD-02_茶店山拐头-1-1-6-O4CSD-01,100011500741142,刑掌,100011500609116,茶店山拐头
100012215145141,后化村-1-1-6-O4CSD-02_刘邢固-1-1-6-O4CSD-01,100011500608062,后化村,100011500611011,刘邢固
100012215073021,留固-1-1-11-OL4-03_火刘庄-1-1-6-O4CSD-01,100011500709001,留固,100011500734307,火刘庄
100012215146721,留固镇中付村-1-1-6-O4CSD-01_万古镇后史寨村-1-1-6-O4CSD-02,100011500780726,留固镇中付村,100011500780579,万古镇后史寨村
100012215168117,东山矿区-1-1-6-O4CSD-02_南峪-1-1-6-O4CSD-01,100011500603448,东山矿区,100011500676222,南峪
100012215037522,科泉西南-1-1-6-O4CSD-01_北齐村-1-1-6-O4CSD-02,100011500765323,科泉西南,100011500996571,北齐村
100012215147349,东嘴头-1-1-6-O4CSD-02_西大城-1-1-6-O4CSD-01,100011500609177,东嘴头,100011500606484,西大城
100012215147659,中华路东环-1-1-10-OL64-01_东风路东环-1-1-7-OL64-01,100011500708900,中华路东环,100011500709348,东风路东环
100012215147557,马上南菜村-1-1-5-OIB1S-01_庄头东村-1-1-4-OIB1S-01,100011500603225,马上南菜村,100011500603726,庄头东村
100012215141834,教场-1-1-6-O4CSD-01_路家垴-1-1-6-O4CSD-02,100011500734228,教场,100011500608201,路家垴
100012215146736,靳庄-1-1-6-O4CSD-01_郭桑屯-1-1-6-O4CSD-02,100011500601648,靳庄,100011500734320,郭桑屯
100012215083829,赵拐-1-1-6-O4CSD-02_南召集-1-1-6-O4CSD-01,100011500986344,赵拐,100011500986312,南召集
100012215146362,天井沟（村通）-1-1-5-OIB1S-01_伏东沟-1-1-4-OIB1D-02,100011500734766,天井沟（村通）,100011500606061,伏东沟
100012215167591,赵寨-1-1-6-O4CSD-01_厚礼方屯-1-1-6-O4CSD-01,100011500780814,赵寨,100011500742021,厚礼方屯
100012215147460,水浴-1-1-6-O4CSD-01_刘贾店-1-1-6-O4CSD-02,100011500720226,水浴,100011500632151,刘贾店
100028562577483,大江窑-1-1-6-O4CSD-02_伏道乡司马村-1-1-6-O4CSD-01,100011500740865,大江窑,100011500609189,伏道乡司马村
100012215145950,汤阴一中-1-1-6-O4CSD-01_黄河路东环-1-1-5-OL4-04,100011500607882,汤阴一中,100011500824208,黄河路东环
100012215146413,牛屯镇申林-1-1-5-OIB1S-01_马圪垱-1-1-4-OIB1D-01,100011500780792,牛屯镇申林,100011500821163,马圪垱
100012215145584,张龙-1-1-6-O4CSD-01_潘营-1-1-6-O4CSD-02,100011500607222,张龙,100011500604117,潘营
100016887882803,大河头-1-1-5-OIB1S-01_武家泊-1-1-4-OIB1S-01,100011500809629,大河头,100011500605837,武家泊
100012215146770,魏庄村-1-1-6-O4CSD-01_梁庄-1-1-6-O4CSD-02,100011500606500,魏庄村,100011500605962,梁庄
100012215167961,北坡-1-1-6-O4CSD-02_陈沧沟-1-1-6-O4CSD-01,100011500606256,北坡,100011500603488,陈沧沟
100012215050294,老庙西-1-1-6-O4CSD-01_老庙二小学-1-1-6-O4CSD-02,100011500862630,老庙西,100011500777057,老庙二小学
100012215146116,坟头-1-1-6-O4CSD-02_南丰-1-1-6-O4CSD-01,100011500754285,坟头,100011500611018,南丰
100012215144767,上营-1-1-6-O4CSD-01_上柏树（东彪涧）-1-1-6-O4CSD-02,100011500607615,上营,100011500754773,上柏树（东彪涧）
100012215146591,杨庄-1-1-6-O4CSD-02_西段村-1-1-6-O4CSD-01,100011500609517,杨庄,100011500603635,西段村
100012215167084,赵寨-1-1-6-O4CSD-02_瓦岗乡大范庄-1-1-6-O4CSD-01,100011500780814,赵寨,100011500728864,瓦岗乡大范庄
100012215144698,冢上-1-1-6-O4CSD-01_北延屯-1-1-6-O4CSD-01,100011500734140,冢上,100011500775654,北延屯
100012215145561,常家庄(止方)&红旗村-1-1-7-O4CSD-02_王家庙-1-1-6-O4CSD-01,100011500607678,常家庄(止方)&红旗村,100011500601661,王家庙
100012215147214,铜冶（基站）-1-1-6-O4CSD-02_将村侯洼-1-1-6-O4CSD-01,100011500607385,铜冶（基站）,100011500607001,将村侯洼
100012215145710,崔阳城-1-1-6-O4CSD-02_南北街村（郭固）-1-1-6-O4CSD-01,100011500780625,崔阳城,100011500604075,南北街村（郭固）
100028562578813,北韩庄-1-1-6-O4CSD-02_东冢上-1-1-6-O4CSD-01,100011500764823,北韩庄,100011500734101,东冢上
100012215147379,中华路西环-1-1-5-OL1-01_南营-1-1-5-OIB1S-01,100011500709585,中华路西环,100011500709867,南营
100012215144917,河门头-1-1-6-O4CSD-01_万古镇袁家庄-1-1-6-O4CSD-02,100011500833587,河门头,100011500780871,万古镇袁家庄
100012215123540,刑掌-1-1-6-O4CSD-01_孔峪-1-1-6-O4CSD-02,100011500741142,刑掌,100011500717324,孔峪
100012215163574,梁庄镇二杨庄-1-1-6-O4CSD-02_东嘴头-1-1-6-O4CSD-01,100011500807698,梁庄镇二杨庄,100011500609177,东嘴头
100012215145732,东冢上-1-1-6-O4CSD-02_东兰村-1-1-6-O4CSD-01,100011500734101,东冢上,100011500734854,东兰村
100012215144891,焦虎-1-1-7-O4CSD-02_瓦岗孟庄-1-1-6-O4CSD-01,100011500711124,焦虎,100011500780586,瓦岗孟庄
100012215156830,田氏-1-1-6-O4CSD-01_东口上村-1-1-6-O4CSD-02,100011500603564,田氏,100011500604917,东口上村
100012215146162,东柏涧&西柏涧-1-1-6-O4CSD-01_杜家岗-1-1-6-O4CSD-02,100011500604755,东柏涧&西柏涧,100011500766733,杜家岗
100012215146134,舜王峪-1-1-5-OIB1D-01_采桑棋梧村-1-1-4-OIB1S-01,100011500607565,舜王峪,100011500608460,采桑棋梧村
100012215144882,汤河北基站-1-1-6-O4CSD-02_黄河路东环-1-1-12-OL4-04,100011500604561,汤河北基站,100011500824208,黄河路东环
100012215145014,中华路西环-1-1-12-OL1-04_陵阳工业区-1-1-4-OIB1D-01,100011500709585,中华路西环,100011500605794,陵阳工业区
100012215145168,白条河-1-1-6-OL4-01_北李庄-1-1-6-O4CSD-01,100011500601775,白条河,100011500731954,北李庄
100013787109802,田氏陈庄-1-1-6-O4CSD-01_北豆公-1-1-6-O4CSD-02,100011500776965,田氏陈庄,100011500635496,北豆公
100012215145769,采桑棋梧村-1-1-5-OIB1S-01_伏东沟-1-1-5-OIB1S-01,100011500608460,采桑棋梧村,100011500606061,伏东沟
100012215145924,西张龙（北流河）-1-1-6-O4CSD-01_东沈村-1-1-6-O4CSD-01,100011500776982,西张龙（北流河）,100011500653107,东沈村
100012215168164,郭家岗-1-1-6-O4CSD-02_北小庄-1-1-6-O4CSD-01,100011500604834,郭家岗,100011500608127,北小庄
100012215128678,南景色-1-1-6-O4CSD-02_李家厂-1-1-6-O4CSD-01,100011500848131,南景色,100011500607608,李家厂
100012215124399,上庄(村通)-1-1-5-OIB1D-02_南园-1-1-5-OIB1S-01,100011500734232,上庄(村通),100011500718265,南园
100012215145149,东油村（村通）-1-1-6-O4CSD-02_墁坡-1-1-6-O4CSD-01,100011500734942,东油村（村通）,100011500603381,墁坡
100012215147396,六井-1-1-6-O4CSD-01_焦楼-1-1-6-O4CSD-02,100011500740092,六井,100011500606243,焦楼
100012215147389,西四牌-1-1-6-O4CSD-02_新沟村-1-1-6-O4CSD-01,100011500797573,西四牌,100011500769762,新沟村
100012215144757,滑县骨科医院-1-1-6-O4CSD-01_半坡店-1-1-6-O4CSD-01,100011500745869,滑县骨科医院,100011500607539,半坡店
100012215145699,铜冶-1-1-13-OL4-04_西鲁仙-1-1-6-O4CSD-02,100011500605981,铜冶,100011500604871,西鲁仙
100012215145590,上营-1-1-6-O4CSD-02_灵药-1-1-6-O4CSD-01,100011500607615,上营,100011500776968,灵药
100012215068184,谢寨南-1-1-5-OIB1S-01_关庄-1-1-4-OIB1S-01,100011500865181,谢寨南,100011500734183,关庄
100012215145348,海生养殖-1-1-6-O4CSD-01_中流河-1-1-6-O4CSD-02,100011500633578,海生养殖,100011500820849,中流河
100012215145332,横水东下洹-1-1-6-O4CSD-01_铁炉-1-1-6-O4CSD-02,100011500709666,横水东下洹,100011500603362,铁炉
100016887881500,大河头-1-1-4-OIB1S-01_官庄2-1-1-5-OIB1S-01,100011500809629,大河头,100011500816291,官庄2
100014427595460,白条河-1-1-11-OL4-02_六村-1-1-6-O4CSD-01,100011500601775,白条河,100011500607290,六村
100012215031828,东风路西环-1-1-10-OL64-01_柏庄西环-1-1-7-OL64-01,100011500709749,东风路西环,100011500983870,柏庄西环
100012215125550,柳滩-1-1-6-O4CSD-01_西牛良-1-1-6-O4CSD-02,100011500609545,柳滩,100011500810111,西牛良
100028562579492,前皇甫-1-1-6-O4CSD-01_前莜昙-1-1-6-O4CSD-02,100011500788390,前皇甫,100011500603681,前莜昙
100012215163568,南海水库-1-1-6-O4CSD-02_善应-1-1-6-O4CSD-01,100011500782644,南海水库,100011500603851,善应
100015964323173,滑县-1-1-11-OL4-01_一都空调-1-1-6-O4CSD-01,100011500632534,滑县,100011500601716,一都空调
100012215146163,西官庄-1-1-6-O4CSD-02_汤阴五里河-1-1-6-O4CSD-01,100011500601852,西官庄,100011500603719,汤阴五里河
100012215031829,铜冶-1-1-7-OL64-01_柏庄西环-1-1-10-OL64-01,100011500605981,铜冶,100011500983870,柏庄西环
100012215147418,禹村-1-1-6-O4CSD-02_枣村-1-1-6-O4CSD-01,100011500741761,禹村,100011500603633,枣村
100012215151696,冯举沟-1-1-5-OIB1S-01_埝上-1-1-4-OIB1S-01,100011500609375,冯举沟,100011500603372,埝上
100012215145718,铜冶-1-1-13-OL4-01_铜冶（基站）-1-1-6-O4CSD-01,100011500605981,铜冶,100011500607385,铜冶（基站）
100012215129917,南陵阳-1-1-6-O4CSD-02_北陵阳-1-1-6-O4CSD-01,100011500740978,南陵阳,100011500816643,北陵阳
100012215129559,五龙洞-1-1-5-OIB1S-01_南坡-1-1-4-OIB1D-02,100011500607146,五龙洞,100011500922269,南坡
100012215147522,清浴-1-1-6-O4CSD-01_清池-1-1-6-O4CSD-02,100011500761062,清浴,100011500633143,清池
100012215167958,窑头村-1-1-7-O4CSD-01_西下恒-1-1-6-O4CSD-02,100011500609651,窑头村,100011500603409,西下恒
100012215046115,慈周寨-1-1-6-OL1-02_秦屯-1-1-5-OIB1S-01,100011501001815,慈周寨,100011500780868,秦屯
100012215146737,田西峪-1-1-6-O4CSD-01_柳滩-1-1-6-O4CSD-02,100011500672671,田西峪,100011500609545,柳滩
100012215147641,辛安村-1-1-6-O4CSD-01_南平-1-1-6-O4CSD-02,100011500708618,辛安村,100011500643758,南平
100016887881487,滑县-1-1-6-OL4-01_陈李庄-1-1-6-O4CSD-02,100011500632534,滑县,100011500603685,陈李庄
100012215146767,三阳-1-1-4-OIB1S-01_桂林-1-1-6-OL1-01,100011500603431,三阳,100011500709228,桂林
100012215083635,茶点小碾-1-1-4-OIB1S-01_后坡-1-1-5-OIB1D-01,100011501132421,茶点小碾,100011500735237,后坡
100012215146404,北召-1-1-6-O4CSD-02_双村-1-1-6-O4CSD-01,100011500603535,北召,100011500605793,双村
100012215147182,小五里涧-1-1-4-OIB1S-01_孙家岗东北-1-1-5-OIB1D-01,100011500648566,小五里涧,100011500664436,孙家岗东北
100012215145089,土楼-1-1-6-O4CSD-02_常家庄(止方)&红旗村-1-1-7-O4CSD-01,100011500800862,土楼,100011500607678,常家庄(止方)&红旗村
100012215151728,原康-1-1-4-OIB1D-02_南觅-1-1-4-OIB1S-01,100011500608301,原康,100011500607244,南觅
100012215045924,北流河-1-1-8-OCSx-03_西张龙（北流河）-1-1-6-O4CSD-02,100011500998421,北流河,100011500776982,西张龙（北流河）
100012215050293,老庙西-1-1-6-O4CSD-02_陈家营-1-1-6-O4CSD-01,100011500862630,老庙西,100011500775641,陈家营
100012215144943,裴村-1-1-6-O4CSD-01_赵七级-1-1-6-O4CSD-02,100011500607692,裴村,100011500709648,赵七级
100012215125921,辛安村-1-1-6-O4CSD-02_上庄-1-1-6-O4CSD-01,100011500708618,辛安村,100011500606927,上庄
100012215147220,伏道三街-1-1-6-O4CSD-01_黄河路东环-1-1-11-OL4-01,100011500735141,伏道三街,100011500824208,黄河路东环
100012215145144,南故城-1-1-6-O4CSD-01_后古城-1-1-6-O4CSD-02,100011500709674,南故城,100011500608529,后古城
100012215145951,关庄-1-1-5-OIB1D-01_齐继-1-1-4-OIB1S-01,100011500734183,关庄,100011500734804,齐继
100012215146822,马上南菜村-1-1-4-OIB1D-02_李善仪-1-1-5-OIB1D-01,100011500603225,马上南菜村,100011500734360,李善仪
100012215146201,迭坡-1-1-6-O4CSD-01_上庄-1-1-6-O4CSD-02,100011500777048,迭坡,100011500606927,上庄
100012215146826,北羊坞-1-1-6-O4CSD-02_田达村-1-1-6-O4CSD-01,100011500734534,北羊坞,100011500603704,田达村
100012215145534,内黄-1-1-13-OL4-01_内黄北街（VIP）-1-1-6-O4CSD-01,100011500603621,内黄,100011500734310,内黄北街（VIP）
100012215147490,赵庄-1-1-6-O4CSD-02_五陵乡水塔河村-1-1-6-O4CSD-01,100011500810083,赵庄,100011500603425,五陵乡水塔河村
100012215144962,渔阳-1-1-4-OIB1S-01_英烈-1-1-5-OIB1D-01,100011500754744,渔阳,100011500754685,英烈
100012215154555,李家寨-1-1-4-OIB1D-02_城郊乡后坡(河东村)-1-1-5-OIB1S-01,100011500770222,李家寨,100011500603538,城郊乡后坡(河东村)
100016516888065,尖庄-1-1-7-O4CSD-01_任村-1-1-6-O4CSD-02,100011500607255,尖庄,100011500603481,任村
100012215146423,宋小寨-1-1-6-O4CSD-02_梁庄-1-1-6-O4CSD-01,100011500708924,宋小寨,100011500605962,梁庄
100012215128682,南景色-1-1-6-O4CSD-01_宋老峪(北景色）-1-1-6-O4CSD-02,100011500848131,南景色,100011500604805,宋老峪(北景色）
100012215146623,李营-1-1-6-O4CSD-02_古贤-1-1-6-O4CSD-01,100011500766519,李营,100011500606468,古贤
100012215047833,铜冶八中-1-1-6-O4CSD-01_古井-1-1-6-O4CSD-02,100011500658645,铜冶八中,100011500761090,古井
100012215147282,黄河路东环-1-1-12-OL4-02_西隆化-1-1-6-O4CSD-01,100011500824208,黄河路东环,100011500608590,西隆化
100012215145580,楚旺（VIP）-1-1-6-O4CSD-01_宋村小屯-1-1-6-O4CSD-02,100011500709141,楚旺（VIP）,100011500604681,宋村小屯
100012215147315,河西街-1-1-5-OIB1D-01_牛窑沟-1-1-4-OIB1S-01,100011500607237,河西街,100011500609848,牛窑沟
100012215147297,张贾店-1-1-6-O4CSD-02_西鲁仙-1-1-6-O4CSD-01,100011500604497,张贾店,100011500604871,西鲁仙
100016887901743,马鞍山-1-1-6-O4CSD-01_贾家村-1-1-6-O4CSD-02,100011500733951,马鞍山,100011500735659,贾家村
100012215154919,半坡店-1-1-6-O4CSD-02_满村-1-1-6-O4CSD-02,100011500607539,半坡店,100011500605708,满村
100015964323233,桂林-1-1-16-OL1-04_后寨-1-1-5-OIB1S-01,100011500709228,桂林,100011500608001,后寨
100012215144692,前尹王-1-1-6-O4CSD-01_石中村-1-1-6-O4CSD-01,100011500745708,前尹王,100011500606653,石中村
100012215145170,北羊坞-1-1-6-O4CSD-01_前尹王-1-1-6-O4CSD-02,100011500734534,北羊坞,100011500745708,前尹王
100012215165198,曲沟三中（VIP）-1-1-6-O4CSD-02_成人中专（VIP）-1-1-6-O4CSD-01,100011500606394,曲沟三中（VIP）,100011500608276,成人中专（VIP）
100012215168467,付家河（刘家河）-1-1-6-O4CSD-02_太平-1-1-6-O4CSD-02,100011500716784,付家河（刘家河）,100011500607201,太平
100012215144731,宰村-1-1-6-O4CSD-01_汤王庙-1-1-6-O4CSD-02,100011500777059,宰村,100011500605910,汤王庙
100012215145513,第六营-1-1-6-O4CSD-02_老庙乡左庄-1-1-6-O4CSD-01,100011500740090,第六营,100011500734814,老庙乡左庄
100012215145784,留固-1-1-12-OL1-01_南琉璃-1-1-5-OIB1D-01,100011500709001,留固,100011500734856,南琉璃
100012215145763,后王村-1-1-6-O4CSD-02_后魏湾-1-1-6-O4CSD-01,100011500606982,后王村,100011500732729,后魏湾
100012215152795,北采桑-1-1-5-OIB1D-01_采桑-1-1-4-OIB1S-01,100011500709681,北采桑,100011500607053,采桑
100012215144804,铜冶-1-1-11-OL1-02_伦掌-1-1-4-OIB1D-01,100011500605981,铜冶,100011500609362,伦掌
100015964342947,曲沟-1-1-6-O4CSD-02_水冶-1-1-11-OL4-04,100014265596139,曲沟,100011500601792,水冶
100012215145507,中华路西环-1-1-6-OL4-02_槐树池村-1-1-6-O4CSD-01,100011500709585,中华路西环,100011500798021,槐树池村
100012215146565,陈家营-1-1-6-O4CSD-02_万古镇后史寨村-1-1-6-O4CSD-01,100011500775641,陈家营,100011500780579,万古镇后史寨村
100012215145991,重兴店（村通）-1-1-5-OIB1D-02_龙口（09村通）-1-1-4-OIB1S-01,100011500734784,重兴店（村通）,100011500766078,龙口（09村通）
100012215144754,菜园马营-1-1-6-O4CSD-01_西隆化-1-1-6-O4CSD-02,100011500603996,菜园马营,100011500608590,西隆化
100012215168307,南椒园-1-1-6-O4CSD-02_郭家岗-1-1-6-O4CSD-01,100011500804231,南椒园,100011500604834,郭家岗
100012215151841,原康-1-1-4-OIB1D-01_流山沟-1-1-5-OIB1D-02,100011500608301,原康,100011500740098,流山沟
100012215146578,李营-1-1-6-O4CSD-01_黄河路东环-1-1-16-OL4-01,100011500766519,李营,100011500824208,黄河路东环
100013271064897,老庙二小学-1-1-6-O4CSD-02_老庙乡左庄-1-1-6-O4CSD-02,100011500777057,老庙二小学,100011500734814,老庙乡左庄
100012215146563,太和-1-1-6-O4CSD-01_上官北-1-1-6-O4CSD-02,100011500839658,太和,100011500781304,上官北
100012215147048,伏道乡司马村-1-1-6-O4CSD-02_辉泉-1-1-6-O4CSD-01,100011500609189,伏道乡司马村,100011500607355,辉泉
100012215146196,张家井-1-1-6-O4CSD-02_营里-1-1-6-O4CSD-01,100011500848078,张家井,100011500610969,营里
100014427595542,漏子头-1-1-6-O4CSD-02_太平-1-1-6-O4CSD-01,100011500606663,漏子头,100011500607201,太平
100012215146127,留固-1-1-7-OL64-01_内黄-1-1-10-OL64-01,100011500709001,留固,100011500603621,内黄
100012215144721,天井沟（村通）-1-1-4-OIB1S-01_葛木-1-1-5-OIB1D-01,100011500734766,天井沟（村通）,100011500709622,葛木
100012215147606,达连池-1-1-6-O4CSD-02_横水-1-1-6-O4CSD-01,100011500848128,达连池,100011500603302,横水
100012215168469,赵所-1-1-6-O4CSD-02_盘阳-1-1-6-O4CSD-01,100011500765981,赵所,100011500657757,盘阳
100012215144911,口上（村通）-1-1-5-OIB1D-01_柏尖山-1-1-4-OIB1D-02,100011500734938,口上（村通）,100011500607993,柏尖山
100012215147081,华家-1-1-6-O4CSD-02_上官镇兰旗屯-1-1-6-O4CSD-01,100011500780821,华家,100011500781325,上官镇兰旗屯
100012215146333,杨家河-1-1-6-O4CSD-01_都里乡南阳城-1-1-6-O4CSD-02,100011500848568,杨家河,100011500604029,都里乡南阳城
100012215146979,田庄村-1-1-7-O4CSD-02_万古镇袁家庄-1-1-6-O4CSD-01,100011500780736,田庄村,100011500780871,万古镇袁家庄
100012215146823,铜冶化炉-1-1-6-O4CSD-02_都里乡政府-1-1-6-O4CSD-01,100011500609454,铜冶化炉,100011500609513,都里乡政府
100012215147254,河街-1-1-6-O4CSD-01_下里街（09村通）-1-1-6-O4CSD-02,100011500609515,河街,100011500766077,下里街（09村通）
100012215144682,内黄-1-1-12-OL1-04_物流园-1-1-5-OIB1D-01,100011500603621,内黄,100011500741574,物流园
100012215147015,南士昌-1-1-6-O4CSD-02_古贤周刘村-1-1-6-O4CSD-01,100011500824380,南士昌,100011500603780,古贤周刘村
100012215147255,尚海村-1-1-6-O4CSD-01_石中村-1-1-6-O4CSD-02,100011500734944,尚海村,100011500606653,石中村
100012215146416,物流园-1-1-5-OIB1D-02_七里井-1-1-5-OIB1D-02,100011500741574,物流园,100011500745688,七里井
100012215068164,路安村-1-1-5-OIB1D-01_齐继-1-1-5-OIB1S-01,100011500709745,路安村,100011500734804,齐继
100012215146828,吴村-1-1-6-O4CSD-01_中福陶瓷园-1-1-6-O4CSD-02,100011500606137,吴村,100011500828765,中福陶瓷园
100012215145518,刘贾店-1-1-6-O4CSD-01_将村侯洼-1-1-6-O4CSD-02,100011500632151,刘贾店,100011500607001,将村侯洼
100012215144996,西姜庄-1-1-6-O4CSD-02_焦楼-1-1-6-O4CSD-01,100011500839676,西姜庄,100011500606243,焦楼
100012215149646,槐树屯-1-1-6-O4CSD-01_洪河屯崔巍炉-1-1-6-O4CSD-02,100011500764705,槐树屯,100011500605934,洪河屯崔巍炉
100012215127656,红星村-1-1-5-OIB1S-01_郝家窑-1-1-5-OIB1D-02,100011500848133,红星村,100011500604432,郝家窑
100012215143005,桂林-1-1-11-OL1-03_桂林王街-1-1-5-OIB1S-01,100011500709228,桂林,100011500603456,桂林王街
100012215147248,大柴村-1-1-6-O4CSD-01_双村-1-1-6-O4CSD-02,100011500607583,大柴村,100011500605793,双村
100012215146599,白条河-1-1-11-OL4-01_大柴村-1-1-6-O4CSD-02,100011500601775,白条河,100011500607583,大柴村
100012215141975,路家垴-1-1-6-O4CSD-01_河顺魏庄-1-1-6-O4CSD-02,100011500608201,路家垴,100011500603856,河顺魏庄
100012215146928,西四牌-1-1-6-O4CSD-01_马上-1-1-6-O4CSD-02,100011500797573,西四牌,100011500609563,马上
100012215073022,留固-1-1-6-OL4-03_西小寨-1-1-6-O4CSD-02,100011500709001,留固,100011500839675,西小寨
100012215125548,西缑庄-1-1-4-OIB1S-01_牛屯王村学校-1-1-5-OIB1D-02,100011500765678,西缑庄,100011500780660,牛屯王村学校
100012215143588,马鞍脑-1-1-6-O4CSD-01_马家岩-1-1-6-O4CSD-02,100011500733603,马鞍脑,100011500608046,马家岩
100012215147648,上官北-1-1-6-O4CSD-01_上官-1-1-6-O4CSD-02,100011500781304,上官北,100011500601790,上官
100012215147405,铁炉-1-1-6-O4CSD-01_乔家屯-1-1-6-O4CSD-02,100011500603362,铁炉,100011500675685,乔家屯
100012215125924,小屯-1-1-6-O4CSD-02_河涧-1-1-6-O4CSD-01,100011500609739,小屯,100011500606757,河涧
100012215147665,东风路西环-1-1-7-OL64-01_中华路西环-1-1-10-OL64-01,100011500709749,东风路西环,100011500709585,中华路西环
100012215146540,内黄-1-1-13-OL4-04_中流河-1-1-6-O4CSD-01,100011500603621,内黄,100011500820849,中流河
100012215145492,墁坡-1-1-6-O4CSD-02_南平-1-1-6-O4CSD-01,100011500603381,墁坡,100011500643758,南平
100012215163566,南高固-1-1-6-O4CSD-01_井店-1-1-6-O4CSD-02,100011500603491,南高固,100011500608129,井店
100012215146123,张家井-1-1-6-O4CSD-01_杨家庄-1-1-6-O4CSD-02,100011500848078,张家井,100011500607689,杨家庄
100012215145526,田西峪-1-1-6-O4CSD-02_中华路西环-1-1-11-OL4-02,100011500672671,田西峪,100011500709585,中华路西环
100012215125919,合涧小屯-1-1-6-O4CSD-02_小屯-1-1-6-O4CSD-01,100011500810112,合涧小屯,100011500609739,小屯
100012215144910,天喜镇-1-1-5-OIB1S-01_南平村-1-1-4-OIB1S-01,100011500746304,天喜镇,100011500745926,南平村
100012215145376,来宋村-1-1-6-O4CSD-01_宋村小屯-1-1-6-O4CSD-01,100011500725066,来宋村,100011500604681,宋村小屯
100015964323207,桂林-1-1-12-OL4-01_桂林桃科-1-1-6-O4CSD-01,100011500709228,桂林,100011500606402,桂林桃科
100012215144966,南野庄-1-1-6-O4CSD-02_后化村-1-1-6-O4CSD-01,100011500745660,南野庄,100011500608062,后化村
100012215037520,铜冶-1-1-4-OL4-01_许家沟乡小寨村-1-1-6-O4CSD-01,100011500605981,铜冶,100011500996338,许家沟乡小寨村
100012215147498,安丰赵家窑-1-1-4-OIB1S-01_东石井岗-1-1-5-OIB1D-02,100011500761086,安丰赵家窑,100011500777053,东石井岗
100012215145139,西下庄-1-1-5-OIB1S-01_南营-1-1-4-OIB1S-01,100011500809099,西下庄,100011500709867,南营
100012215168283,南椒园-1-1-6-O4CSD-01_清林(宋村)-1-1-6-O4CSD-02,100011500804231,南椒园,100011500601777,清林(宋村)
100012215147675,梁庄镇二杨庄-1-1-6-O4CSD-01_北李庄-1-1-6-O4CSD-02,100011500807698,梁庄镇二杨庄,100011500731954,北李庄
100012215046114,慈周寨-1-1-15-OL4-01_慈周寨高庄-1-1-6-O4CSD-02,100011501001815,慈周寨,100011500630780,慈周寨高庄
100012215167974,中华路西环-1-1-2-OL4-04_窑头村-1-1-7-O4CSD-02,100011500709585,中华路西环,100011500609651,窑头村
100012215145177,小张盖-1-1-6-O4CSD-02_黄河路东环-1-1-4-OL4-01,100011500767715,小张盖,100011500824208,黄河路东环
100014165136335,五陵林场-1-1-6-O4CSD-02_伏道北里于-1-1-6-O4CSD-01,100011500603550,五陵林场,100011500607876,伏道北里于
100012215144693,李善仪-1-1-5-OIB1D-02_七里井-1-1-5-OIB1D-01,100011500734360,李善仪,100011500745688,七里井
100012215146953,石盘屯-1-1-6-O4CSD-02_潘营-1-1-6-O4CSD-01,100011500603320,石盘屯,100011500604117,潘营
100012215083832,赵拐-1-1-6-O4CSD-01_东呼（大芬）-1-1-6-O4CSD-02,100011500986344,赵拐,100011500732129,东呼（大芬）
100012215164157,岳儿寨-1-1-6-O4CSD-02_任固-1-1-6-O4CSD-01,100011500603276,岳儿寨,100011500603533,任固
100012215147571,安丰乡政府（郭家屯）-1-1-6-O4CSD-01_东高穴-1-1-6-O4CSD-02,100011500761104,安丰乡政府（郭家屯）,100011500601932,东高穴
100028562590234,路安村-1-1-4-OIB1S-01_前留村-1-1-5-OIB1S-01,100011500709745,路安村,100011500777953,前留村
100016887910597,花堤口-1-1-6-O4CSD-02_东英公-1-1-6-O4CSD-02,100011500986315,花堤口,100011500765591,东英公
100012215145501,黄河路东环-1-1-6-OL4-01_汤阴五里河-1-1-6-O4CSD-02,100011500824208,黄河路东环,100011500603719,汤阴五里河
100012215147408,水冶-1-1-4-OL4-02_科泉-1-1-6-O4CSD-01,100011500601792,水冶,100011500607440,科泉
100012215129921,定角(史家河新)-1-1-6-O4CSD-02_中华路西环-1-1-2-OL4-02,100011500740940,定角(史家河新),100011500709585,中华路西环
100012215038764,磊口-1-1-7-O4CSD-01_铜冶石堂-1-1-6-O4CSD-02,100011500997161,磊口,100011500607149,铜冶石堂
100012215147492,侯庄-1-1-6-O4CSD-01_南阳-1-1-6-O4CSD-02,100011500740863,侯庄,100011500608282,南阳
100012215145908,内黄-1-1-4-OL4-04_田达村-1-1-6-O4CSD-02,100011500603621,内黄,100011500603704,田达村
100012215147341,八里沟（村通）-1-1-5-OIB1D-02_柏尖山-1-1-5-OIB1S-01,100011500734878,八里沟（村通）,100011500607993,柏尖山
100012215146129,赵七级-1-1-6-O4CSD-01_南高固-1-1-6-O4CSD-02,100011500709648,赵七级,100011500603491,南高固
100012215123530,临淇镇丰润酒店-1-1-6-O4CSD-02_临淇-1-1-6-O4CSD-01,100011500754156,临淇镇丰润酒店,100011500607901,临淇
100012215146996,王七庄-1-1-5-OIB1D-01_东长固-1-1-5-OIB1D-02,100011500734543,王七庄,100011500734536,东长固
100012215046129,慈周寨-1-1-11-OL1-02_瓦岗寨-1-1-4-OIB1D-01,100011501001815,慈周寨,100011500780649,瓦岗寨
100012215147274,科泉西南-1-1-6-O4CSD-02_贾家村-1-1-6-O4CSD-01,100011500765323,科泉西南,100011500735659,贾家村
100012215168285,中华路西环-1-1-7-OL4-01_刘家街（VIP）-1-1-6-O4CSD-02,100011500709585,中华路西环,100011500608483,刘家街（VIP）
100012215147183,吴村-1-1-6-O4CSD-02_亳城-1-1-6-O4CSD-01,100011500606137,吴村,100011500709714,亳城
100012215038991,许家沟下庄-1-1-6-O4CSD-01_磊口-1-1-7-O4CSD-02,100011500996528,许家沟下庄,100011500997161,磊口
100012215144974,付家洞-1-1-5-OIB1D-01_安丰赵家窑-1-1-5-OIB1S-01,100011500761042,付家洞,100011500761086,安丰赵家窑
100012215147472,许炉村-1-1-6-O4CSD-01_伦掌谷驼南-1-1-6-O4CSD-02,100011500777034,许炉村,100011500603317,伦掌谷驼南
100012215125549,祁屯-1-1-5-OIB1D-01_瓦岗寨-1-1-5-OIB1S-01,100011500766003,祁屯,100011500780649,瓦岗寨
100012215147241,半坡店乡零河-1-1-6-O4CSD-01_半坡店乡东老河寨-1-1-6-O4CSD-02,100011500862625,半坡店乡零河,100011500603901,半坡店乡东老河寨
100012215146613,王七庄-1-1-4-OIB1S-01_小黄滩-1-1-5-OIB1D-01,100011500734543,王七庄,100011500734858,小黄滩
100012215145947,河间小寨-1-1-5-OIB1S-01_河西街-1-1-4-OIB1S-01,100011500847665,河间小寨,100011500607237,河西街
100012215146394,大江窑-1-1-6-O4CSD-01_瓦岗-1-1-6-O4CSD-02,100011500740865,大江窑,100011500608542,瓦岗
100012215073037,西呼-1-1-6-O4CSD-01_东呼（大芬）-1-1-6-O4CSD-01,100011500862633,西呼,100011500732129,东呼（大芬）
100012215168313,大同-1-1-6-O4CSD-01_南郝家庄-1-1-6-O4CSD-02,100011500606095,大同,100011500638901,南郝家庄
100012215080615,茶店大峪-1-1-5-OIB1D-01_原康三宗庙-1-1-5-OIB1D-02,100011500749819,茶店大峪,100011500604679,原康三宗庙
100012215120853,任村故城-1-1-6-O4CSD-01_盘山-1-1-6-O4CSD-02,100011500604443,任村故城,100011500609338,盘山
100012215168296,南郝家庄-1-1-6-O4CSD-01_气象局-1-1-6-O4CSD-02,100011500638901,南郝家庄,100011500606760,气象局
100012215145568,西大张-1-1-6-O4CSD-02_第六营-1-1-6-O4CSD-01,100011500734382,西大张,100011500740090,第六营
100012215147406,许炉村-1-1-6-O4CSD-02_东傍佐-1-1-6-O4CSD-01,100011500777034,许炉村,100011500673486,东傍佐
100012215145007,大南山-1-1-6-O4CSD-01_河涧-1-1-6-O4CSD-02,100011500740096,大南山,100011500606757,河涧
100012215147622,白条河-1-1-11-OL4-03_井店-1-1-6-O4CSD-01,100011500601775,白条河,100011500608129,井店
100012215147128,来宋村-1-1-6-O4CSD-02_宋村-1-1-6-O4CSD-02,100011500725066,来宋村,100011500607084,宋村
100012215147322,横水寒镇-1-1-6-O4CSD-01_横水东下洹-1-1-6-O4CSD-02,100011500709754,横水寒镇,100011500709666,横水东下洹
100012215161221,段村-1-1-6-O4CSD-02_南段村-1-1-6-O4CSD-01,100011500609661,段村,100011500673980,南段村
100012215145323,铜冶-1-1-10-OL64-01_姚村-1-1-7-OL64-01,100011500605981,铜冶,100011500631332,姚村
100012215147120,姚村-1-1-4-OL4-02_焦家屯-1-1-6-O4CSD-02,100011500631332,姚村,100011500930975,焦家屯
100012215145373,古贤-1-1-6-O4CSD-02_南士昌-1-1-6-O4CSD-01,100011500606468,古贤,100011500824380,南士昌
100012215145750,马家庄-1-1-6-O4CSD-01_槐树池村-1-1-6-O4CSD-02,100011500801370,马家庄,100011500798021,槐树池村
100012215144790,北豆公-1-1-6-O4CSD-01_晁寺-1-1-6-O4CSD-02,100011500635496,北豆公,100011500739406,晁寺
100012215154041,秦屯-1-1-4-OIB1S-01_牛屯镇申林-1-1-4-OIB1S-01,100011500780868,秦屯,100011500780792,牛屯镇申林
100012215146906,吉村-1-1-5-OIB1D-01_小黄滩-1-1-5-OIB1D-02,100011500735201,吉村,100011500734858,小黄滩
100012215146385,庄头东村-1-1-5-OIB1S-01_吉村-1-1-5-OIB1D-02,100011500603726,庄头东村,100011500735201,吉村
100012215147422,前留村-1-1-4-OIB1S-01_西盘邱-1-1-5-OIB1D-01,100011500777953,前留村,100011500634839,西盘邱
100012215145136,黄华寺-1-1-6-O4CSD-02_城郊付水洼-1-1-6-O4CSD-01,100011500601787,黄华寺,100011500709441,城郊付水洼
100012215144696,留固-1-1-11-OL4-01_西大张-1-1-6-O4CSD-01,100011500709001,留固,100011500734382,西大张
100012215123539,孔峪-1-1-6-O4CSD-01_临淇-1-1-6-O4CSD-02,100011500717324,孔峪,100011500607901,临淇
100012215147359,北杨村-1-1-6-O4CSD-02_牛林-1-1-6-O4CSD-01,100011500655262,北杨村,100011500656624,牛林
100012215147365,后魏湾-1-1-6-O4CSD-02_白家庄-1-1-6-O4CSD-01,100011500732729,后魏湾,100011500609506,白家庄
100012215146144,六村-1-1-6-O4CSD-02_韩王尉-1-1-6-O4CSD-01,100011500607290,六村,100011500609520,韩王尉
100012215083839,大王庄-1-1-6-O4CSD-01_火刘庄-1-1-6-O4CSD-02,100011500986306,大王庄,100011500734307,火刘庄
100012215141972,卢寨-1-1-6-O4CSD-01_东岗南丁冶（大井）-1-1-6-O4CSD-02,100011500606669,卢寨,100011500608544,东岗南丁冶（大井）
100012215144901,后赵湖-1-1-6-O4CSD-01_李村-1-1-6-O4CSD-02,100011500734304,后赵湖,100011500607577,李村
100028562588653,北苗圃-1-1-6-O4CSD-02_滑县职业中专-1-1-6-O4CSD-02,100011500607097,北苗圃,100011500810694,滑县职业中专
100012215141964,庞村-1-1-6-O4CSD-02_河顺魏庄-1-1-6-O4CSD-01,100011500749830,庞村,100011500603856,河顺魏庄
100012215126388,水冶建行-1-1-6-O4CSD-01_段村-1-1-6-O4CSD-01,100011500810240,水冶建行,100011500609661,段村
100012215147025,张固村-1-1-6-O4CSD-01_刘次范-1-1-6-O4CSD-02,100011500740798,张固村,100011500603282,刘次范
100012215143429,卢寨-1-1-6-O4CSD-02_姚村-1-1-11-OL4-02,100011500606669,卢寨,100011500631332,姚村
100012215129932,南陵阳-1-1-6-O4CSD-01_中华路西环-1-1-7-OL4-02,100011500740978,南陵阳,100011500709585,中华路西环
100012215032427,交口-1-1-6-O4CSD-01_科泉-1-1-6-O4CSD-02,100011500605526,交口,100011500607440,科泉
100015915029412,后拐（堂上）-1-1-6-O4CSD-02_晁小寨-1-1-6-O4CSD-02,100011500734770,后拐（堂上）,100011500607078,晁小寨
100012215145941,北采桑-1-1-4-OIB1S-01_横水翟区-1-1-5-OIB1S-01,100011500709681,北采桑,100011500709561,横水翟区
100012215154211,楚旺（VIP）-1-1-6-O4CSD-02_楚旺东街-1-1-6-O4CSD-01,100011500709141,楚旺（VIP）,100011500601659,楚旺东街
100014427595491,南园-1-1-4-OIB1S-01_西章-1-1-4-OIB1S-01,100011500718265,南园,100011500605581,西章
100012215147616,伏道三街-1-1-6-O4CSD-02_瓦岗-1-1-6-O4CSD-01,100011500735141,伏道三街,100011500608542,瓦岗
100012215147159,留固-1-1-11-OL4-04_留固镇中付村-1-1-6-O4CSD-02,100011500709001,留固,100011500780726,留固镇中付村